tag,count,unit,register_name,oblast,katottg_code,status,note
м_Нікополь_та_Нікопольська_територіальна_громада,2703,H,Нікопольська,Дніпропетровська,UA12080050000062712,ok,
м_Харків_та_Харківська_територіальна_громада,2523,H,Харківська,Харківська,UA63120270000028556,ok,
Харківський_район,1806,P,Харківський,Харківська,UA63120000000091135,ok,
м_Запоріжжя_та_Запорізька_територіальна_громада,1797,H,Запорізька,Запорізька,UA23060070000082704,ok,
Запорізький_район,1695,P,Запорізький,Запорізька,UA23060000000070350,ok,
Пологівський_район,1686,P,Пологівський,Запорізька,UA23100000000034132,ok,
Богодухівський_район,1602,P,Богодухівський,Харківська,UA63020000000066931,ok,
Купянський_район,1560,P,Куп’янський,Харківська,UA63080000000032022,ok,
Чугуївський_район,1499,P,Чугуївський,Харківська,UA63140000000096278,ok,
Ізюмський_район,1347,P,Ізюмський,Харківська,UA63040000000023521,ok,
Нікопольський_район,1244,P,Нікопольський,Дніпропетровська,UA12080000000023578,ok,
Конотопський_район,1236,P,Конотопський,Сумська,UA59020000000081905,ok,
Шосткинський_район,1224,P,Шосткинський,Сумська,UA59100000000036457,ok,
Дніпровський_район,1210,P,Дніпровський,Дніпропетровська,UA12020000000052809,ok,
Сумський_район,1202,P,Сумський,Сумська,UA59080000000057897,ok,
Криворізький_район,1196,P,Криворізький,Дніпропетровська,UA12060000000022633,ok,
Охтирський_район,1114,P,Охтирський,Сумська,UA59040000000045652,ok,
Лозівський_район,1085,P,Лозівський,Харківська,UA63100000000059237,ok,
Павлоградський_район,1073,P,Павлоградський,Дніпропетровська,UA12120000000089862,ok,
Миколаївський_район,1064,P,Миколаївський,Миколаївська,UA48060000000094390,ok,
Чернігівський_район,1024,P,Чернігівський,Чернігівська,UA74100000000047140,ok,
Полтавський_район,1009,P,Полтавський,Полтавська,UA53080000000068029,ok,
Мелітопольський_район,1007,P,Мелітопольський,Запорізька,UA23080000000090746,ok,
Василівський_район,1007,P,Василівський,Запорізька,UA23040000000067730,ok,
Бердянський_район,1007,P,Бердянський,Запорізька,UA23020000000032289,ok,
Одеський_район,925,P,Одеський,Одеська,UA51100000000095786,ok,
Корюківський_район,923,P,Корюківський,Чернігівська,UA74020000000089267,ok,
Камянський_район,922,P,Кам’янський,Дніпропетровська,UA12040000000032213,ok,
Ніжинський_район,868,P,Ніжинський,Чернігівська,UA74040000000028062,ok,
Новомосковський_район,866,P,Новомосковський,Дніпропетровська,UA12100000000039307,ok,
Красноградський_район,865,P,Красноградський,Харківська,UA63060000000053698,ok,
Миргородський_район,859,P,Миргородський,Полтавська,UA53060000000045271,ok,
Роменський_район,812,P,Роменський,Сумська,UA59060000000086008,ok,
Бериславський_район,788,P,Бериславський,Херсонська,UA65020000000032929,ok,
НовгородСіверський_район,785,P,Новгород-Сіверський,Чернігівська,UA74060000000063946,ok,
Баштанський_район,783,P,Баштанський,Миколаївська,UA48020000000033544,ok,
Херсонський_район,782,P,Херсонський,Херсонська,UA65100000000029736,ok,
Синельниківський_район,760,P,Синельниківський,Дніпропетровська,UA12140000000011720,ok,
Лубенський_район,716,P,Лубенський,Полтавська,UA53040000000081308,ok,
Кропивницький_район,708,P,Кропивницький,Кіровоградська,UA35040000000034705,ok,
Прилуцький_район,700,P,Прилуцький,Чернігівська,UA74080000000030554,ok,
Олександрійський_район,698,P,Олександрійський,Кіровоградська,UA35080000000062763,ok,
Кременчуцький_район,644,P,Кременчуцький,Полтавська,UA53020000000034761,ok,
Ізмаїльський_район,598,P,Ізмаїльський,Одеська,UA51080000000061776,ok,
БілгородДністровський_район,596,P,Білгород-Дністровський,Одеська,UA51040000000032911,ok,
Болградський_район,596,P,Болградський,Одеська,UA51060000000057808,ok,
Кальміуський_район,573,P,Кальміуський,Донецька,UA14100000000010319,ok,
Краматорський_район,573,P,Краматорський,Донецька,UA14120000000070232,ok,
Горлівський_район,573,P,Горлівський,Донецька,UA14060000000024357,ok,
Маріупольський_район,573,P,Маріупольський,Донецька,UA14140000000070889,ok,
Донецький_район,573,P,Донецький,Донецька,UA14080000000098686,ok,
Бахмутський_район,573,P,Бахмутський,Донецька,UA14020000000013572,ok,
Волноваський_район,573,P,Волноваський,Донецька,UA14040000000098211,ok,
Покровський_район,573,P,Покровський,Донецька,UA14160000000061982,ok,
Вишгородський_район,514,P,Вишгородський,Київська,UA32100000000065867,ok,
Донецька_область,511,O,Донецька,Донецька,UA14000000000091971,ok,
Новоукраїнський_район,510,P,Новоукраїнський,Кіровоградська,UA35060000000086172,ok,
Золотоніський_район,506,P,Золотоніський,Черкаська,UA71040000000022553,ok,
Черкаський_район,492,P,Черкаський,Черкаська,UA71080000000036344,ok,
Голованівський_район,480,P,Голованівський,Кіровоградська,UA35020000000074289,ok,
Вознесенський_район,464,P,Вознесенський,Миколаївська,UA48040000000011780,ok,
Броварський_район,426,P,Броварський,Київська,UA32060000000012455,ok,
Звенигородський_район,414,P,Звенигородський,Черкаська,UA71020000000057292,ok,
Скадовський_район,412,P,Скадовський,Херсонська,UA65080000000090947,ok,
Каховський_район,412,P,Каховський,Херсонська,UA65060000000061947,ok,
Генічеський_район,412,P,Генічеський,Херсонська,UA65040000000088940,ok,
Первомайський_район,410,P,Первомайський,Миколаївська,UA48080000000082320,ok,
Покровська_територіальна_громада,406,H,Покровська,Дніпропетровська,UA12080090000039979,ambiguous_4,
Уманський_район,400,P,Уманський,Черкаська,UA71060000000030325,ok,
Бориспільський_район,374,P,Бориспільський,Київська,UA32040000000054694,ok,
Березівський_район,360,P,Березівський,Одеська,UA51020000000097683,ok,
Роздільнянський_район,360,P,Роздільнянський,Одеська,UA51140000000094970,ok,
Подільський_район,358,P,Подільський,Одеська,UA51120000000021678,ok,
Коростенський_район,314,P,Коростенський,Житомирська,UA18060000000021754,ok,
Бучанський_район,312,P,Бучанський,Київська,UA32080000000084076,ok,
Обухівський_район,296,P,Обухівський,Київська,UA32120000000081110,ok,
Фастівський_район,256,P,Фастівський,Київська,UA32140000000020217,ok,
Житомирський_район,244,P,Житомирський,Житомирська,UA18040000000058965,ok,
Білоцерківський_район,242,P,Білоцерківський,Київська,UA32020000000057002,ok,
м_Марганець_та_Марганецька_територіальна_громада,193,H,Марганецька,Дніпропетровська,UA12080010000029838,ok,
Вінницький_район,192,P,Вінницький,Вінницька,UA05020000000026686,ok,
Гайсинський_район,188,P,Гайсинський,Вінницька,UA05040000000050292,ok,
Хмільницький_район,188,P,Хмільницький,Вінницька,UA05120000000017020,ok,
Тульчинський_район,180,P,Тульчинський,Вінницька,UA05100000000022396,ok,
Жмеринський_район,174,P,Жмеринський,Вінницька,UA05060000000061926,ok,
Звягельський_район,174,P,Звягельський,Житомирська,UA18080000000016657,ok,
МогилівПодільський_район,172,P,Могилів-Подільський,Вінницька,UA05080000000040234,ok,
Бердичівський_район,164,P,Бердичівський,Житомирська,UA18020000000072859,ok,
Сарненський_район,134,P,Сарненський,Рівненська,UA56080000000096146,ok,
Шепетівський_район,104,P,Шепетівський,Хмельницька,UA68060000000040570,ok,
Хмельницький_район,102,P,Хмельницький,Хмельницька,UA68040000000086061,ok,
Рівненський_район,100,P,Рівненський,Рівненська,UA56060000000041446,ok,
Вараський_район,98,P,Вараський,Рівненська,UA56020000000011586,ok,
КамянецьПодільський_район,80,P,Кам’янець-Подільський,Хмельницька,UA68020000000016021,ok,
КаміньКаширський_район,76,P,Камінь-Каширський,Волинська,UA07040000000026412,ok,
Дністровський_район,74,P,Дністровський,Чернівецька,UA73040000000031528,ok,
Луцький_район,70,P,Луцький,Волинська,UA07080000000034745,ok,
Ковельський_район,68,P,Ковельський,Волинська,UA07060000000092268,ok,
Тернопільський_район,68,P,Тернопільський,Тернопільська,UA61040000000090285,ok,
Чортківський_район,68,P,Чортківський,Тернопільська,UA61060000000068766,ok,
Кременецький_район,68,P,Кременецький,Тернопільська,UA61020000000016944,ok,
Вижницький_район,66,P,Вижницький,Чернівецька,UA73020000000038148,ok,
Дубенський_район,66,P,Дубенський,Рівненська,UA56040000000062179,ok,
Чернівецький_район,66,P,Чернівецький,Чернівецька,UA73060000000061247,ok,
Львівський_район,60,P,Львівський,Львівська,UA46060000000042587,ok,
Рахівський_район,58,P,Рахівський,Закарпатська,UA21060000000059475,ok,
Косівський_район,58,P,Косівський,Івано-Франківська,UA26100000000092255,ok,
Верховинський_район,58,P,Верховинський,Івано-Франківська,UA26020000000044654,ok,
ІваноФранківський_район,58,P,Івано-Франківський,Івано-Франківська,UA26040000000044761,ok,
Коломийський_район,58,P,Коломийський,Івано-Франківська,UA26080000000050130,ok,
Надвірнянський_район,58,P,Надвірнянський,Івано-Франківська,UA26120000000036058,ok,
Самбірський_район,58,P,Самбірський,Львівська,UA46080000000017237,ok,
Стрийський_район,58,P,Стрийський,Львівська,UA46100000000023056,ok,
Яворівський_район,58,P,Яворівський,Львівська,UA46140000000036328,ok,
Червоноградський_район,58,P,Червоноградський,Львівська,UA46120000000057093,ok,
Дрогобицький_район,58,P,Дрогобицький,Львівська,UA46020000000075920,ok,
Золочівський_район,58,P,Золочівський,Львівська,UA46040000000069196,ok,
Берегівський_район,56,P,Берегівський,Закарпатська,UA21020000000051405,ok,
Тячівський_район,56,P,Тячівський,Закарпатська,UA21080000000048851,ok,
Мукачівський_район,56,P,Мукачівський,Закарпатська,UA21040000000077329,ok,
Ужгородський_район,56,P,Ужгородський,Закарпатська,UA21100000000055073,ok,
Хустський_район,56,P,Хустський,Закарпатська,UA21120000000022889,ok,
Калуський_район,56,P,Калуський,Івано-Франківська,UA26060000000042554,ok,
ВолодимирВолинський_район,56,P,Володимирський,Волинська,UA07020000000048211,ok,channel name predates the register entry
м_Краматорськ_та_Краматорська_територіальна_громада,6,H,Краматорська,Донецька,UA14120090000098500,ok,
Запорізька_область,4,O,Запорізька,Запорізька,UA23000000000064947,ok,
Червоногригорівська_територіальна_громада,2,H,Червоногригорівська,Дніпропетровська,UA12080150000061416,ok,
